{
  "val": {
    "auc": 0.9996641975308642,
    "f1": 0.9889624724061811,
    "acc": 0.9888888888888889,
    "precision": 0.9824561403508771,
    "recall": 0.9955555555555555
  },
  "test": {
    "auc": 0.9995456790123457,
    "f1": 0.9823008849557522
  },
  "calibration": {
    "ece": 0.48970918114544204
  },
  "confusion": {
    "tn": 221,
    "fp": 4,
    "fn": 1,
    "tp": 224
  },
  "threshold": 0.9
}