{
  "val": {
    "auc": 0.9958518518518519,
    "f1": 0.9822222222222222,
    "acc": 0.9822222222222222,
    "precision": 0.9822222222222222,
    "recall": 0.9822222222222222
  },
  "test": {
    "auc": 0.9980049382716049,
    "f1": 0.9800443458980045
  },
  "calibration": {
    "ece": 0.4892200466070602
  },
  "confusion": {
    "tn": 221,
    "fp": 4,
    "fn": 4,
    "tp": 221
  },
  "threshold": 0.27
}